1,24.7683,0.0667916,3.898,199,1,0,0
1,24.885,0.183589,10.4389,202,1,1,0
1,24.985,0.283633,16.1225,204,1,0,0
1,25.0854,0.384086,21.9015,207,1,0,0
1,25.2022,0.500591,28.7071,210,1,0.567435,0
1,25.3021,0.600849,34.6013,212,1,0.603918,0
1,25.4021,0.700769,40.5729,214,1,0.0198009,0
1,25.5024,0.800813,46.5932,216,1,0.00266893,0
1,25.619,0.917691,53.6531,219,1,0.00266893,0
1,25.8362,1.13449,67.0155,223,1,0.00606762,0
1,25.936,1.23481,73.2455,225,1,0.00201003,0
1,26.1363,1.43507,85.9064,229,1,0,0
1,26.2364,1.5351,92.2889,229,1,0,0
1,26.3532,1.65177,99.6773,227,1,0,0
1,26.4534,1.75188,106.033,229,1,0,0
1,26.7705,2.06889,126.442,234,1,0,0
1,26.8871,2.18565,134.059,236,1,0,0
1,26.9871,2.28583,140.641,237,1,0,0
1,27.0875,2.38625,147.287,239,1,0,0
1,27.3041,2.60269,161.769,242,1,0,0
1,27.421,2.71944,169.662,244,1,0,0
1,27.521,2.81956,176.453,245,1,0,0
1,27.621,2.91985,183.288,246,1,0,0
1,27.8379,3.13655,198.219,249,1,0,0
1,27.938,3.23664,205.171,250,1,0.902167,0
1,28.1383,3.43684,219.174,252,1,0,0
1,28.3384,3.63704,233.289,254,1,1,0
1,28.4387,3.73717,240.405,255,1,1,0
1,28.6389,3.93734,254.695,257,1,0,0
1,28.7558,4.05412,263.084,258,1,-1,0
1,28.9557,4.25431,277.5,260,1,0,0
1,29.0559,4.35446,284.765,261,1,0,0
1,29.156,4.45462,292.049,262,1,0,0
1,29.3727,4.6715,307.895,262,1,0,0
1,29.5732,4.87197,322.414,260,1,0,0
1,29.6898,4.98843,330.863,261,1,-0.666561,0
1,29.89,5.18854,345.443,262,1,0,0
1,29.9901,5.28883,352.766,263,1,0,0
1,30.1068,5.4055,361.327,264,1,0,0
1,30.2071,5.50557,368.688,265,1,0,0
1,30.3238,5.62239,377.281,265,1,0,0
1,30.5239,5.82267,392.081,267,1,0,0
1,30.6407,5.93936,400.744,267,1,0,0
1,30.8576,6.15614,416.924,269,1,0,0
1,30.9577,6.25645,424.424,269,1,0,0
1,31.1746,6.47318,440.715,270,1,0,0
1,31.2752,6.57363,448.301,271,1,0,0
1,31.3915,6.69015,457.085,271,1,-0.803404,0
1,31.4917,6.7903,464.665,272,1,0,0
1,31.7085,7.00711,481.118,273,1,0,0
1,31.8088,7.10716,488.747,273,1,-0.797405,0
1,31.9087,7.2076,496.363,274,1,0,0
1,32.0088,7.3074,504.003,274,1,0,0
1,32.1256,7.42437,512.93,275,1,0,0
1,32.2257,7.52453,520.595,275,1,0,0
1,32.4427,7.7413,537.242,276,1,0,0
1,32.6595,7.95823,553.931,277,1,0,0
1,32.7765,8.07481,562.951,277,1,0,0
1,32.8765,8.17507,570.677,278,1,-1,0
1,32.9932,8.2917,579.696,278,1,0,0
1,33.3101,8.60865,604.26,279,1,0,0
1,33.4104,8.70878,612.051,279,1,0,0
1,33.6271,8.92573,628.909,280,1,0,0
1,33.844,9.14258,645.816,280,1,0,0
1,33.9442,9.24278,653.637,281,1,0,0
1,34.161,9.45957,670.588,281,1,0,0
1,34.2612,9.55982,678.433,281,1,-0.140202,0
1,34.3612,9.65979,686.265,282,1,0,0
1,34.4612,9.75988,694.11,282,1,0,0
1,34.6615,9.9602,709.827,282,1,0,0
1,34.7782,10.0768,719.005,283,1,0,0
1,34.8784,10.177,726.881,283,1,0,0
1,35.0789,10.3775,742.664,283,1,0,0
1,35.2958,10.5943,759.767,283,1,0,0
1,35.6292,10.9278,786.083,284,1,0,0
1,35.7293,11.028,793.986,284,1,0,0
1,35.846,11.1446,803.205,284,1,0,0
1,35.9464,11.2448,811.143,284,1,-0.217363,0
1,36.0629,11.3615,820.357,285,1,0,0
1,36.163,11.4615,828.276,285,1,0,0
1,36.3799,11.6785,845.442,285,1,0,0
1,36.5971,11.8954,862.653,285,1,0,0
1,36.6969,11.9955,870.573,285,1,0.0898201,0
1,36.8136,12.1122,879.833,286,1,0,0
1,36.9138,12.2123,887.788,286,1,0,0
1,37.1307,12.4293,905.027,286,1,0.549436,0
1,37.331,12.6295,920.954,286,1,0,0
1,37.4477,12.7463,930.244,286,1,0,0
1,37.7481,13.0468,954.162,286,1,0,0
1,37.8647,13.1633,963.459,287,1,0,0
1,37.9648,13.2634,971.439,287,1,-0.298581,0
1,38.1653,13.4637,987.44,287,1,0,0
1,38.282,13.5805,996.749,287,1,0,0
1,38.382,13.6806,1004.74,287,1,0,0
1,38.482,13.7807,1012.73,287,1,0,0
1,38.6826,13.9812,1028.75,287,1,0,0
1,38.799,14.0976,1038.06,287,1,0,0
1,38.8992,14.1977,1046.07,287,1,0,0
1,38.9993,14.2978,1054.07,287,1,0,0
1,39.116,14.4145,1063.41,287,1,0.0389791,0
1,39.3162,14.6147,1079.41,288,1,0,0
1,39.433,14.7316,1088.75,288,1,0,0
1,39.75,15.0485,1114.11,288,1,0,0
1,39.8505,15.1486,1122.15,288,1,0,0
1,39.9671,15.2655,1131.45,283,0.0488759,0,1
1,40.1671,15.4658,1146.44,256,0,0,1
1,40.3841,15.6825,1161.06,229,0,0,1
1,40.484,15.7827,1167.26,220,0,0,0
1,40.7009,15.9995,1180.36,215,0,0,0
1,40.8012,16.0997,1186.25,207,0,0,1
1,40.9012,16.1999,1191.81,195,0,0,1
1,41.0014,16.2998,1197.11,188,0,0,0
1,41.118,16.4166,1203.17,186,0,0,0
1,41.3182,16.617,1213.34,177,0,0,1
1,41.4185,16.7169,1218.13,168,0,0,0.213099
1,41.6353,16.9338,1227.74,152,0,0,1
1,41.7354,17.0342,1231.86,147,0,0,0.569892
1,41.8357,17.134,1235.83,140,0,1,0.43304
1,41.9523,17.2508,1240.24,134,0,1,0
1,42.2692,17.5678,1251.64,127,0.0312805,1,0
1,42.3694,17.6679,1255.11,126,0,1,0
1,42.4694,17.7681,1258.5,124,0,1,0
1,42.6696,17.9682,1265.01,121,0,1,0.0478983
1,42.7697,18.0683,1268.19,121,0,1,0
1,42.8699,18.1683,1271.26,119,0,1,0
1,42.9699,18.2685,1274.19,116,0,1,0
1,43.1868,18.4853,1280.39,112,0,1,0
1,43.2869,18.5854,1283.56,110,0,1,0
1,43.4037,18.7022,1287.74,107,0.0625611,1,0
1,43.5038,18.8023,1291.59,106,0.128055,1,0
1,43.7208,19.0192,1298.49,104,0.228739,1,0
1,43.8207,19.1193,1301.3,104,0.214076,1,0
1,43.9208,19.2196,1303.99,103,0.258065,1,0
1,44.021,19.3195,1306.7,103,0.285435,1,0
1,44.1379,19.4363,1309.93,103,0.350929,1,0
1,44.3379,19.6365,1315.56,104,0.516129,1,0
1,44.438,19.7366,1318.44,105,0.465298,1,0
1,44.6549,19.9536,1324.78,108,0.619746,0.566568,0
1,44.755,20.0536,1327.77,110,0.717498,0.547667,0
1,44.8719,20.1704,1331.34,113,0.705767,0.067174,0
1,44.9719,20.2705,1334.49,115,0.786901,0,0
1,45.072,20.3707,1337.69,118,0,-1,0
1,45.1721,20.4707,1340.86,115,0,-0.962061,0.792766
1,45.389,20.6875,1347.2,105,0,-0.962061,0
1,45.4891,20.7877,1350.05,103,0,-0.943092,0
1,45.6059,20.9045,1353.34,101,0,-0.946386,0
1,45.706,21.0045,1356.13,99,0,-0.95086,0
1,45.8228,21.1214,1359.31,97,0,-0.954154,0
1,45.9229,21.2214,1361.97,95,0,-0.954154,0
1,46.1398,21.4383,1367.22,91,0.00684262,-0.954154,0
1,46.2402,21.5384,1369.49,89,0.168133,-0.954154,0
1,46.3567,21.6552,1372.16,88,0.193548,-0.954154,0
1,46.4568,21.7553,1374.53,87,0.229717,-0.954154,0
1,46.7739,22.0723,1382.87,87,0.254154,-0.954154,0
1,46.8738,22.1724,1385.29,87,0.274682,-0.954154,0
1,46.9906,22.2892,1387.96,87,0.325513,-0.954154,0
1,47.3077,22.6063,1395.3,88,0.483871,-0.954154,0
1,47.4077,22.7064,1397.83,90,0.567937,-0.954154,0
1,47.5079,22.8064,1400.42,91,0.665689,0,0
1,47.708,23.0067,1405.78,96,0.577713,1,0
1,47.8249,23.1234,1409,98,0.476051,1,0
1,47.925,23.2234,1411.81,100,0.561095,1,0
1,48.025,23.3237,1414.67,102,0.554252,1,0
1,48.1418,23.4403,1418.09,102,0.174976,1,0
1,48.3587,23.6572,1424.79,99,0,1,0
1,48.4588,23.7573,1428.06,97,0,1,0
1,48.6594,23.9575,1434.84,93,0,1,0
1,48.7759,24.0743,1438.18,92,0.353861,1,0
1,48.8759,24.1745,1440.76,92,0.390029,1,0
1,48.976,24.2746,1443.21,92,0.407625,0.768371,0
1,49.0761,24.3746,1445.57,93,0.422287,0.627397,0
1,49.3931,24.6918,1453.34,98,0.57869,0.61075,0
1,49.4932,24.7917,1455.98,100,0.589443,0.610681,0
1,49.6934,24.992,1461.52,104,0.686217,0.443072,0
1,49.7936,25.0921,1464.41,106,0.631476,0.443072,0
1,49.8937,25.1922,1467.36,109,0.490714,0.439292,0
1,49.9939,25.2923,1470.38,110,0.449658,0.452643,0
1,50.1106,25.4091,1473.95,111,0.473118,0.448863,0
1,50.3107,25.6094,1480.09,114,0.59824,0.443939,0
1,50.4111,25.7098,1483.23,116,0.665689,0.443939,0
1,50.5278,25.8261,1486.97,119,0.676442,0.230726,0
1,50.7278,26.0263,1493.59,125,0.776149,0.165839,0
1,50.928,26.2266,1500.56,131,0.777126,0.165492,0
1,51.0282,26.3266,1504.2,134,0.768328,0.151481,0
1,51.1449,26.4435,1508.55,138,0.719453,0.0208413,0
1,51.2449,26.5435,1512.38,141,0.714565,0,0
1,51.3617,26.6603,1516.96,144,0.726295,-0.225582,0
1,51.4618,26.7605,1520.97,147,1,0,0
1,51.7622,27.0608,1533.69,159,1,0,0
1,51.879,27.1775,1538.87,160,1,0,0
1,51.9795,27.2776,1543.33,161,1,0.266411,0
1,52.0958,27.3944,1548.58,165,1,0,0
1,52.1959,27.4945,1553.2,168,1,0,0
1,52.2961,27.5947,1557.93,172,1,0.0246561,0
1,52.4129,27.7114,1563.57,176,1,0.447095,0
1,52.513,27.8114,1568.51,180,1,0.253788,0
1,52.613,27.9118,1573.53,183,1,0.0117898,0
1,52.7132,28.0118,1578.65,186,1,0.00416027,0
1,52.83,28.1285,1584.73,190,1,0.0176508,0
1,52.93,28.2286,1590.04,193,1,0.800659,0
1,53.1303,28.4287,1600.94,198,1,0.0140094,0
1,53.2303,28.5288,1606.43,197,1,1,0
1,53.3471,28.6456,1612.82,198,1,0,0
1,53.6645,28.9629,1630.61,206,1,0,0
1,53.7644,29.0629,1636.35,209,1,0,0
1,53.881,29.1796,1643.16,211,1,0,0
1,53.9811,29.2798,1649.08,214,1,0,0
1,54.0978,29.3964,1656.07,216,1,0,0
1,54.1982,29.4969,1662.14,218,1,1,0
1,54.4148,29.7133,1675.45,223,1,0,0
1,54.515,29.8136,1681.69,225,1,0,0
1,54.7324,30.0304,1695.43,229,1,0,0
1,54.8486,30.1474,1702.85,229,1,0.265059,0
1,54.9487,30.2477,1709.2,227,1,0,0
1,55.1656,30.4641,1723.01,231,1,0,0
1,55.2657,30.5643,1729.46,232,1,0,0
1,55.3658,30.6644,1735.96,234,1,0,0
1,55.6995,30.998,1757.91,239,1,0,0
1,55.8997,31.1983,1771.3,242,1,0,0
1,56.0165,31.3151,1779.18,243,1,0,0
1,56.2169,31.5156,1792.81,246,1,-1,0
1,56.4338,31.7322,1807.74,249,1,0,0
1,56.5336,31.8322,1814.66,250,1,0,0
1,56.6505,31.949,1822.8,251,1,0,0
1,56.8506,32.1492,1836.84,254,1,0,0
1,56.9509,32.2493,1843.92,255,1,0,0
1,57.0509,32.3499,1851.01,256,1,-0.948224,0
1,57.2681,32.5666,1866.5,258,1,0,0
1,57.3846,32.683,1874.87,259,1,-0.938237,0
1,57.4846,32.7832,1882.08,260,1,0,0
1,57.6014,32.9,1890.53,261,1,-0.562073,0
1,57.8015,33.1001,1905.09,262,1,0,0
1,58.0018,33.3003,1919.77,261,1,0,0
1,58.3192,33.6174,1942.84,261,1,0,0
1,58.4188,33.7174,1950.11,262,1,0.60756,0
1,58.519,33.8176,1957.45,263,1,0,0
1,58.7192,34.0177,1972.16,264,1,1,0
1,58.8361,34.1345,1980.78,265,1,0.00315444,0
1,59.0362,34.3349,1995.62,266,1,0,0
1,59.153,34.4516,2004.31,267,1,0,0
1,59.2531,34.5517,2011.77,267,1,0,0
1,59.3699,34.6684,2020.49,268,1,1,0
1,59.6868,34.9741,2043.95,252,0,0,1
1,59.9037,35.1911,2058.38,225,0,0,1
1,60.0038,35.2912,2064.52,215,0,0,1
1,60.2206,35.508,2076.7,189,0,0,1
1,60.3208,35.6081,2081.84,179,0,0,0.753666
1,60.4209,35.7083,2086.76,174,0,0,0.159335
1,60.521,35.8083,2091.58,172,0,0,0
1,60.6378,35.9251,2097.14,169,0,0,0
1,60.838,36.1253,2106.5,166,0,0,0
1,60.9382,36.2254,2111.06,159,0,0,1
1,61.0382,36.3255,2115.34,149,0,0,0.809384
1,61.155,36.4423,2120.07,141,0,0,1
1,61.3553,36.6426,2127.46,124,0,-1,1
1,61.4554,36.7428,2130.8,119,0,-1,0
1,61.6558,36.9431,2137.33,116,0,-0.960084,0
1,61.7722,37.0596,2141,114,0.0938416,-0.96331,0
1,61.8723,37.1599,2144.1,113,0.222874,-0.96331,0
1,61.9727,37.2599,2147.14,113,0.285435,-0.959564,0
1,62.0892,37.3766,2150.62,113,0.200391,-0.955646,0
1,62.2897,37.5771,2156.37,107,0,-0.876196,0.456501
1,62.4062,37.6937,2159.45,103,0,-0.872277,0
1,62.5063,37.7937,2162.58,101,0,-0.864301,0
1,62.7065,37.9939,2169.39,97,0,-0.861353,0
1,62.9236,38.2107,2178.02,93,0.180841,-1,0
1,63.0403,38.3275,2182.01,92,0.199413,-1,0
1,63.2404,38.5277,2188.11,90,0.418377,-1,0
1,63.3573,38.6445,2190.88,91,0.44477,-1,0
1,63.4574,38.7446,2193.33,92,0.399805,-1,0
1,63.6742,38.9615,2198.82,93,0.392962,-1,0
1,63.7744,39.0616,2201.42,94,0.408602,-1,0
1,63.891,39.1784,2204.47,94,0.443793,-1,0
1,63.9912,39.2785,2207.12,95,0.534702,0,0
1,64.0912,39.3787,2209.8,98,0.748778,0,0
1,64.3084,39.5955,2215.84,99,0,1,1
1,64.5083,39.7957,2220.93,88,0,1,0
1,64.7252,40.0126,2226.14,85,0.123167,1,0
1,64.8253,40.1127,2228.48,84,0.12219,1,0
1,64.9255,40.2128,2230.78,83,0.260997,1,0
1,65.0422,40.3296,2233.54,83,0.216031,1,0
1,65.2424,40.5298,2238.4,82,0.280547,1,0
1,65.3425,40.6299,2240.92,82,0.367546,1,0
1,65.4426,40.73,2243.55,82,0.338221,1,0
1,65.6595,40.9469,2251.4,81,0.120235,1,0
1,65.7597,41.047,2254.86,80,0,1,0
1,65.8597,41.1471,2258.22,78,0.00488759,1,0
1,66.0766,41.364,2263.25,75,0.175953,1,0
1,66.2768,41.5645,2267.21,75,0.461388,1,0
1,66.4937,41.781,2271.34,77,0.467253,1,0
1,66.6939,41.9812,2275.34,78,0.468231,1,0
1,66.794,42.0813,2277.47,79,0.465298,0.937402,0
1,66.9108,42.1981,2280.03,80,0.491691,0.896514,0
1,67.0109,42.2982,2282.27,81,0.501466,0.64817,0
1,67.111,42.3983,2284.56,83,0.506354,0.559146,0
1,67.3112,42.5986,2289.25,86,0.508309,-0.141,0
1,67.4112,42.6986,2291.66,87,0.517107,-0.538144,0
1,67.528,42.8154,2294.52,90,0.695015,0,0
1,67.6282,42.9155,2297.05,92,0.739003,0,0
1,67.7286,43.0156,2299.67,95,0.764418,0,0
1,67.8451,43.1326,2302.79,98,0.698925,0.509762,0
1,67.9452,43.2326,2305.55,101,0.666667,0,0
1,68.1453,43.4328,2311.28,105,0.651026,0,0
1,68.2455,43.5329,2314.24,108,0.656892,0,0
1,68.3456,43.6329,2317.27,110,0.677419,0,0
1,68.4457,43.733,2320.36,113,0.688172,0.231592,0
1,68.6626,43.95,2327.31,118,0.722385,0,0
1,68.7627,44.0502,2330.64,121,0.713587,0,0
1,68.8795,44.1669,2334.62,124,0.706745,0.412241,0
1,68.9798,44.267,2338.12,127,0.710655,0.0106454,0
1,69.1964,44.4838,2345.95,133,0.748778,0,0
1,69.2965,44.584,2349.7,136,0.550342,0,0.351906
1,69.4967,44.7841,2356.81,119,0,0,0.222874
1,69.7137,45.001,2363.62,104,0,0.370833,1
1,69.8138,45.1011,2366.42,97,0,1,1
1,69.9138,45.2012,2369.01,89,0,1,0.763441
1,70.0306,45.318,2371.8,83,0,1,0
1,70.231,45.5182,2376.26,78,0,1,0
1,70.3476,45.635,2378.59,76,0.167155,1,0
1,70.4477,45.7351,2380.47,75,0.272727,1,0
1,70.6647,45.952,2384.58,75,0.168133,1,0
1,70.7647,46.0521,2386.51,74,0.266862,1,0
1,70.8814,46.1688,2388.86,74,0.292278,1,0
1,70.9816,46.269,2390.98,74,0.363636,1,0
1,71.0817,46.369,2393.28,75,0.412512,0.611479,0
1,71.2985,46.5859,2398.55,78,0.531769,0.777388,0
1,71.4988,46.7861,2403.4,81,0.486804,1,0
1,71.699,46.9864,2408.48,82,0.447703,1,0
1,71.8159,47.1032,2411.66,83,0.453568,1,0
1,71.9163,47.2036,2414.46,84,0.474096,0.968892,0
1,72.0162,47.3036,2417.38,85,0.454545,0.589908,0
1,72.1164,47.4035,2420.52,86,0.45259,0.538581,0
1,72.4331,47.7206,2430.66,90,0.510264,0.599861,0
1,72.5498,47.8373,2433.89,92,0.522972,0.599861,0
1,72.7501,48.0378,2439.12,95,0.564027,0.599861,0
1,72.8671,48.1545,2442.07,97,0.595308,0.596635,0
1,73.0837,48.3711,2447.79,102,0.634409,0.59341,0
1,73.1841,48.4712,2450.59,104,0.638319,0.59341,0
1,73.3007,48.588,2453.96,107,0.643206,0.559597,0
1,73.4007,48.6881,2456.93,109,0.667644,0.513264,0
1,73.5008,48.7882,2459.99,112,0.687195,0.451291,0
1,73.7178,49.0051,2466.89,117,0.677419,0.306189,0
1,73.8178,49.1053,2470.18,119,0.664712,0.231662,0
1,73.9345,49.222,2474.09,122,0.648094,0,0
1,74.0347,49.3221,2477.53,124,0.657869,0,0
1,74.1514,49.4388,2481.6,127,0.676442,0,0
1,74.252,49.5389,2485.18,130,0.684262,0,0
1,74.3684,49.6557,2489.43,133,0.688172,-0.609375,0
1,74.6853,49.9728,2501.55,143,1,0,0
1,74.7855,50.0728,2505.59,147,1,0,0
1,74.8858,50.1734,2509.74,151,1,0,0
1,74.9859,50.2734,2513.99,155,1,0,0
1,75.3026,50.5901,2527.97,161,1,0,0
1,75.4027,50.6901,2532.49,164,1,0,0
1,75.5029,50.7903,2537.1,168,1,-0.561865,0
1,75.703,50.9905,2546.62,175,1,-1,0
1,75.8032,51.0907,2551.54,178,1,-0.514389,0
1,75.9199,51.2074,2557.39,182,1,0,0
1,76.0201,51.3074,2562.52,186,1,0,0
1,76.2369,51.5243,2573.93,192,1,0,0
1,76.337,51.6245,2579.33,195,1,0,0
1,76.4372,51.7245,2584.82,198,1,0,0
1,76.5372,51.8246,2590.31,197,1,0,0
1,76.6372,51.9247,2595.78,197,1,0,0
1,76.7541,52.0415,2602.25,200,1,0,0
1,76.9546,52.2417,2613.57,206,1,0,0
1,77.1717,52.4586,2626.15,211,1,0,0
1,77.2713,52.5588,2632.02,213,1,-1,0
1,77.3715,52.6589,2638,216,1,0,0
1,77.4715,52.7589,2644.03,218,1,0,0
1,77.5883,52.8757,2651.15,220,1,0,0
1,77.6885,52.9758,2657.32,222,1,0,0
1,77.7885,53.0758,2663.54,224,1,0,0
1,77.9053,53.1926,2670.86,227,1,0,0
1,78.0054,53.2927,2677.21,229,1,0,0
1,78.2056,53.493,2689.73,215,0,-1,1
1,78.3224,53.6098,2696.53,204,0,-0.963587,0.296188
1,78.4225,53.7101,2702.14,200,0,-0.963587,0
1,78.5225,53.81,2707.68,198,0.339198,-0.963587,0
1,78.6227,53.9101,2713.18,197,0.0146628,-0.963587,0
1,78.7228,54.0103,2718.59,191,0,-0.936468,1
1,78.8229,54.1103,2723.75,185,0,-0.939866,0
1,78.9231,54.2104,2728.78,184,0,-0.936607,0
1,79.0397,54.3271,2734.52,181,0,-0.914759,0
1,79.1398,54.4272,2739.33,178,0,-0.912678,0
1,79.3568,54.6444,2750.02,173,0.058651,-0.952004,0
1,79.6738,54.9612,2766.87,166,0,-1,0
1,79.8742,55.1613,2776.21,163,0.184751,-1,0
1,79.9907,55.2781,2781.21,161,0,-1,0
1,80.0908,55.3782,2785.41,158,0,-1,0.240469
1,80.291,55.5784,2793.69,151,0,-1,0
1,80.3911,55.6784,2797.81,151,0,-1,0
1,80.4914,55.7785,2801.97,150,0.0234604,-1,0
1,80.7081,55.9954,2810.84,147,0.227761,-1,0
1,80.8082,56.0955,2814.89,146,0.276637,-1,0
1,80.925,56.2124,2819.6,146,0.536657,0,0
1,81.1255,56.4131,2827.73,149,0.406647,1,0
1,81.242,56.5293,2832.76,149,0.273705,1,0
1,81.3421,56.6294,2837.09,148,0.305963,1,0
1,81.4588,56.7463,2842.09,148,0.253177,1,0
1,81.6592,56.9466,2850.57,148,0.519062,1,0
1,81.7593,57.0466,2854.83,148,0.57478,0.604993,0
1,81.876,57.1633,2859.85,150,0.595308,0.600901,0
1,81.9594,57.247,2863.44,151,0.607038,0.597503,0
1,82.0762,57.3636,2868.49,152,0.612903,0.625906,0
1,82.2764,57.5638,2877.25,155,0.57478,0.641685,0
1,82.4932,57.7806,2886.96,158,0.665689,0.618137,0
1,82.7935,58.0809,2900.5,165,0.83871,-1,0
1,82.9105,58.1978,2905.9,168,0.837732,-0.379522,0
1,83.0106,58.2979,2910.64,171,0.85435,-1,0
1,83.2274,58.5148,2921.22,176,0.86217,-0.253498,0
1,83.3275,58.6148,2926.25,179,0.849462,-0.953877,0
1,83.4444,58.7316,2932.26,180,0.26002,-0.953877,0
1,83.5443,58.8317,2937.57,179,0.274682,-0.953877,0
1,83.6444,58.9318,2942.84,179,0.531769,-0.953877,0
1,83.7447,59.0319,2948.11,179,0.650049,-0.953877,0
1,83.8446,59.1321,2953.41,180,0.651026,-0.953877,0
1,84.0448,59.3322,2964.25,182,0.727273,-0.953877,0
1,84.2451,59.5324,2975.08,185,0.753666,-0.961645,0
1,84.3454,59.633,2980.56,186,0.761486,-0.969274,0
1,84.4453,59.7326,2986.05,188,0.750733,-0.972777,0
1,84.5621,59.8494,2992.37,189,0.738025,-0.972777,0
1,84.7625,60.0498,3003.11,191,0.684262,-0.969517,0
1,84.8791,60.1664,3009.38,192,0.70088,-0.969517,0
1,84.9792,60.2666,3014.7,193,0.70088,-0.969517,0
1,85.096,60.3834,3020.95,194,0.690127,-0.966015,0
1,85.2961,60.5838,3031.79,195,0.681329,-0.889131,0
1,85.4129,60.7004,3038.15,196,0.69306,0,0
1,85.513,60.8004,3043.63,197,1,0,0
1,85.73,61.0172,3055.45,198,1,0,0
1,85.8299,61.1174,3060.97,200,1,0.779816,0.314761
1,85.9301,61.2174,3066.45,194,0.124145,1,1
1,86.0468,61.3342,3072.55,186,0.0772239,1,0
1,86.147,61.4344,3077.7,184,0.11828,0.571562,0
1,86.3474,61.6345,3087.94,184,1,1,0
1,86.464,61.7513,3093.97,184,0.682307,1,1
1,86.564,61.8515,3098.98,177,0.0625611,0.797364,0
1,86.7643,62.0516,3108.72,173,0.191593,1,0
1,86.8812,62.1684,3114.32,174,0.659824,0.467591,0
1,86.9812,62.2688,3119.19,175,0.698925,0.107784,0
1,87.0814,62.3686,3124.14,176,0.662757,0.510247,0
1,87.3983,62.6856,3140.08,177,0.470186,1,0
1,87.4985,62.7857,3145.33,177,0.550342,1,0
1,87.7152,63.0026,3156.63,177,0.461388,1,0
1,87.8153,63.1029,3161.87,177,0.509286,1,0
1,87.9321,63.2195,3168.1,177,0.540567,1,0
1,88.0324,63.3196,3173.37,177,0.569892,1,0
1,88.2491,63.5365,3184.57,178,0.626588,1,0
1,88.3492,63.6366,3189.73,179,0.656892,1,0
1,88.4659,63.7534,3195.54,179,0.680352,1,0
1,88.5662,63.8534,3200.49,180,0.684262,1,0
1,88.7663,64.0536,3210.33,182,1,-0.101084,0
1,88.883,64.1705,3216.22,185,1,-1,0
1,88.9831,64.2705,3221.47,188,1,-0.960154,0
1,89.0832,64.3706,3226.85,191,1,-0.948224,0
1,89.2837,64.5712,3237.93,191,0.488759,-0.961021,0
1,89.3836,64.671,3243.88,191,0.540567,-0.961021,0
1,89.5004,64.7878,3250.75,191,0.562072,-0.59318,0
1,89.7005,64.988,3262.55,191,0.662757,-0.957657,0
1,89.8006,65.088,3268.15,193,0.769306,-0.965494,0
1,89.9174,65.2048,3274.51,194,0.738025,-0.965494,0
1,90.0175,65.3049,3279.9,195,0.725318,-0.73096,0
1,90.1176,65.405,3285.25,196,0.743891,-0.680849,0
1,90.3177,65.6051,3295.92,198,0.781036,-0.6083,0
1,90.4345,65.7219,3302.3,200,1,-0.56072,0
1,90.5346,65.822,3307.87,202,1,-0.0546833,0
1,90.7348,66.0223,3319.25,206,1,-0.00464147,0
1,90.835,66.1224,3325.05,209,1,0,0
1,90.9518,66.2391,3331.87,211,1,1,0
1,91.0519,66.3393,3337.77,213,1,1,0
1,91.152,66.4393,3343.74,216,1,0.614704,0
1,91.3691,66.6563,3356.88,221,1,0,0
1,91.5694,66.8568,3369.25,225,1,0,0
1,91.686,66.9734,3376.54,227,1,-1,0
1,91.786,67.0734,3382.86,229,1,0,0
1,91.8861,67.1736,3389.22,229,1,-0.845713,0
1,91.9866,67.2737,3395.58,228,1,-1,0
1,92.1029,67.3905,3402.9,229,1,0,0
1,92.3032,67.5905,3415.69,232,1,-1,0
1,92.52,67.8074,3429.86,235,1,-0.506031,0
1,92.7203,68.0076,3443.26,238,1,0,0
1,92.8204,68.1077,3450.05,240,1,0,0
1,92.921,68.2082,3456.93,241,1,-1,0
1,93.0373,68.3247,3464.94,243,1,-0.228425,0
1,93.2377,68.5249,3478.78,245,1,-1,0
1,93.3377,68.625,3485.71,247,1,-1,0
1,93.4378,68.7252,3492.68,248,1,-1,0
1,93.538,68.8252,3499.67,249,1,0,0
1,93.7547,69.0421,3514.78,251,1,0,0
1,93.8548,69.1422,3521.81,253,1,-1,0
1,93.9716,69.2589,3530.06,254,1,-0.691391,0
1,94.0717,69.3591,3537.15,255,1,0,0
1,94.3721,69.6594,3558.58,258,1,0,0
1,94.4721,69.7596,3565.77,259,1,0,0
1,94.5722,69.8595,3572.99,260,1,-1,0
1,94.6893,69.9764,3581.47,261,1,0,0
1,94.8892,70.1823,3596.02,262,1,0,0
1,94.9893,70.2824,3603.34,263,1,0,0
1,95.0893,70.3827,3610.64,261,1,0.679452,0
1,95.3064,70.5994,3626.35,260,1,0,0
1,95.423,70.7162,3634.82,261,1,0,0
1,95.5231,70.8163,3642.11,262,1,0,0
1,95.7237,71.0169,3656.78,264,1,0,0
1,95.8405,71.1333,3665.35,264,1,0.690653,0
1,96.0404,71.3335,3680.09,266,1,0,0
1,96.2405,71.5338,3694.92,267,1,0,0
1,96.3573,71.6505,3703.6,268,1,0,0
1,96.4576,71.7506,3711.08,268,1,0,0
1,96.558,71.851,3718.58,269,1,-1,0
1,96.6743,71.9675,3727.29,269,1,0,0
1,96.7744,72.0677,3734.8,270,1,0,0
1,96.8915,72.1843,3743.43,258,0,0,1
1,96.9916,72.2846,3750.43,245,0,0.950338,1
1,97.1081,72.4013,3758.12,230,0,0,1
1,97.3083,72.6016,3770.31,207,0,0,1
1,97.4084,72.7015,3775.92,195,0,0,1
1,97.7253,73.0185,3791.75,165,0,0,1
1,97.8256,73.1187,3796.21,155,0,0,1
1,97.9257,73.2189,3800.4,146,0,0,1
1,98.0424,73.3356,3805.04,139,0,0,1
1,98.2592,73.5524,3813.02,125,0,1,0.7087
1,98.3593,73.6525,3816.41,119,0,1,0
1,98.4594,73.7527,3819.73,119,0,1,0
1,98.5597,73.853,3823.04,118,0,1,0
1,98.7597,74.0531,3829.29,111,0,1,0
1,98.8765,74.1698,3832.71,109,0,1,0
1,98.9769,74.2698,3835.48,106,0.0244379,1,0
1,99.0768,74.37,3838.2,105,0.142717,0.641962,0
1,99.2938,74.5872,3844.21,104,0.322581,1,0
1,99.5106,74.8036,3851.04,104,0.326491,0.674423,0
1,99.7274,75.0206,3859.89,106,0.531769,0.838321,0
1,99.8275,75.1209,3863.84,108,0.562072,0.75502,0
1,99.9443,75.2375,3867.55,110,0.552297,0.612831,0
1,100.044,75.3375,3870.71,111,0.548387,0.605548,0
1,100.261,75.5545,3877.6,116,0.665689,0.601907,0
1,100.362,75.6546,3880.82,118,0.684262,0.438251,0
1,100.478,75.7713,3884.68,122,0.749756,0.369931,0
1,100.578,75.8715,3888.1,125,0.809384,0.344927,0
1,100.795,76.0883,3895.84,132,0.726295,0.182902,0
1,100.895,76.1884,3899.56,135,0.662757,0,0
1,101.012,76.3052,3903.99,138,0.878788,0.701265,0
1,101.212,76.5055,3911.89,145,0.88563,0,0
1,101.312,76.6055,3916,149,0.891496,0.832703,0
1,101.412,76.7056,3920.21,153,0.872923,0.18089,0
1,101.513,76.8058,3924.52,156,0.820137,0,0
1,101.63,76.9225,3929.67,160,0.805474,0,0
1,101.73,77.0226,3934.15,163,0.857283,0,0
1,101.83,77.1228,3938.74,167,1,0,0
1,101.946,77.2395,3944.13,166,1,0.4558,0
1,102.047,77.3395,3948.75,168,1,0,0
1,102.263,77.5564,3959.08,175,1,0,0
1,102.363,77.6566,3963.85,167,0,0,1
1,102.463,77.7566,3968.35,158,0,0,0.289345
1,102.564,77.8568,3972.61,149,0,0,1
1,102.764,78.0569,3980.38,132,0,0,0.85826
1,102.864,78.1571,3983.93,123,0,0,1
1,102.964,78.2572,3987.23,116,0,-0.20037,0.845552
1,103.081,78.374,3990.91,109,0,-0.976279,0.612903
1,103.281,78.5743,3996.65,101,0,-0.950652,0
1,103.381,78.6742,3999.38,97,0,-0.944305,0
1,103.498,78.791,4002.44,94,0,-0.465041,0
1,103.715,79.0079,4007.89,91,0,-0.845574,0
1,103.815,79.1082,4010.3,89,0,-0.862428,0
1,103.915,79.2081,4012.64,88,0,-0.862428,0
1,104.015,79.3082,4014.89,86,0,-0.862428,0
1,104.232,79.5251,4019.42,83,0.0410557,-0.859203,0
1,104.332,79.6255,4021.35,82,0.238514,-0.358853,0
1,104.449,79.742,4023.71,82,0.31085,-0.59318,0
1,104.549,79.8422,4025.84,83,0.356794,-0.908031,0
1,104.766,80.059,4030.96,82,0.0723363,-0.916319,0
1,104.866,80.159,4033.62,80,0.0557185,-0.916319,0
1,104.966,80.2592,4036.82,79,0.0293255,-0.913094,0
1,105.066,80.3593,4040.69,78,0.0205279,-0.611941,0
1,105.266,80.5594,4048.42,75,0.0175953,-0.923394,0
1,105.383,80.6762,4052.93,74,0.0205279,-0.923394,0
1,105.483,80.7763,4056,72,0.0371457,-0.923394,0
1,105.583,80.8765,4058.58,70,0.152493,-0.923394,0
1,105.783,81.0767,4062.98,70,0.265885,-0.923394,0
1,105.884,81.1769,4065,70,0.270772,-0.923394,0
1,106,81.2935,4067.3,69,0.26393,-0.923394,0
1,106.101,81.3936,4069.02,69,0.268817,-0.923394,0
1,106.317,81.6105,4072.95,69,0.396872,-0.923394,0
1,106.417,81.7106,4074.85,70,0.527859,-0.850568,0
1,106.534,81.8274,4077.15,73,0.685239,0,0
1,106.634,81.9275,4079.2,76,0.810362,0,0
1,106.835,82.1277,4083.56,82,0.949169,0.258574,0
1,106.951,82.2445,4086.27,86,0.893451,0.542465,0
1,107.051,82.3446,4089.11,90,0.687195,0.472134,0
1,107.252,82.5448,4095.29,94,0.617791,0.43839,0
1,107.368,82.6616,4099.04,97,0.606061,0.664435,0
1,107.569,82.862,4105.86,99,0.365591,1,0
1,107.685,82.9786,4109.61,100,0.41349,1,0
1,107.785,83.0787,4112.6,101,0.561095,1,0
1,107.902,83.1954,4115.94,103,0.5826,1,0
1,108.002,83.2955,4118.74,104,0.573803,1,0
1,108.219,83.5125,4124.71,106,0.395894,1,0
1,108.436,83.7293,4130.7,108,0.521017,1,0
1,108.536,83.8294,4133.53,109,0.512219,1,0
1,108.636,83.9295,4136.45,110,0.172043,1,0
1,108.736,84.0296,4139.3,108,0.100684,1,0
1,108.837,84.1298,4142.31,107,0.0576735,1,0
1,108.937,84.2298,4145.56,105,0.0322581,1,0
1,109.053,84.3466,4149.33,104,0.0527859,0,0
1,109.254,84.5468,4155.95,104,0.520039,-1,0
1,109.37,84.6636,4159.65,106,0.553275,-1,0
1,109.471,84.7637,4162.75,108,0.55914,-1,0
1,109.587,84.8805,4166.25,109,0.509286,-1,0
1,109.788,85.0812,4172.43,112,0.544477,-0.606115,0
1,109.904,85.1976,4176.11,114,0.741935,0,0
1,110.005,85.2977,4179.35,117,0.792766,0,0
1,110.121,85.4144,4183.23,121,0.695992,0.884515,0
1,110.221,85.5145,4186.64,123,0.623656,1,0
1,110.422,85.7147,4193.67,128,0.533724,1,0
1,110.538,85.8315,4197.88,129,0.27957,0,0
1,110.739,86.0317,4204.79,116,0,1,1
1,110.839,86.1318,4207.94,110,0,1,0.264907
1,111.056,86.3487,4213.92,100,0,1,0
1,111.272,86.5656,4219.42,95,0,1,0
1,111.373,86.6657,4221.88,93,0.0733138,1,0
1,111.473,86.7659,4224.3,92,0.11437,1,0
1,111.573,86.8659,4226.73,91,0.159335,1,0
1,111.773,87.0664,4231.29,90,0.318671,1,0
1,111.873,87.1662,4233.51,90,0.30694,1,0
1,111.973,87.2663,4235.76,91,0.383187,1,0
1,112.073,87.3664,4238.1,91,0.441838,1,0
1,112.374,87.6667,4245.73,92,0.119257,1,0
1,112.49,87.7834,4248.46,90,0.0215054,1,0
1,112.59,87.8835,4250.71,90,0.420332,1,0
1,112.791,88.0839,4255.2,91,0.398827,1,0
1,112.891,88.1839,4257.47,92,0.388074,0.948708,0
1,112.991,88.284,4259.78,92,0.437928,0.85091,0
1,113.108,88.4008,4262.6,93,0.453568,0.613109,0
1,113.308,88.6015,4267.61,95,0.447703,0.69485,0
1,113.408,88.7011,4270.16,96,0.500489,0.374787,0
1,113.525,88.8179,4273.17,99,0.57087,0.0809073,0
1,113.825,89.1181,4281.22,105,0.649071,0.443939,0
1,113.925,89.2182,4284.03,107,0.647116,0.514201,0
1,114.025,89.3184,4286.92,110,0.630499,0.522524,0
1,114.142,89.4352,4290.38,112,0.602151,0.526166,0
1,114.342,89.6354,4296.5,116,0.581623,0.481428,0
1,114.442,89.7354,4299.64,118,0.58651,0.418033,0
1,114.542,89.8355,4302.83,120,0.593353,0.414461,0
1,114.743,90.0358,4309.4,124,0.608016,0.403745,0
1,114.843,90.136,4312.78,127,0.643206,0.407247,0
1,114.943,90.2359,4316.24,129,0.672532,0.407247,0
1,115.043,90.3364,4319.76,132,0.698925,0.407247,0
1,115.244,90.5364,4327.01,137,0.746823,0.410611,0
1,115.36,90.6533,4331.39,141,0.754643,0.385642,0
1,115.444,90.7367,4334.59,143,0.795699,0.332789,0
1,115.56,90.8534,4339.2,147,0.831867,0.311669,0
1,115.76,91.0536,4347.4,153,0.798631,0.154187,0
1,115.861,91.1539,4351.62,156,0.771261,0,0
1,115.977,91.2704,4356.65,160,0.818182,0.39504,0
1,116.077,91.3704,4361.09,163,0.828934,0.438009,0
1,116.278,91.5707,4370.41,168,0.872923,0.441789,0
1,116.378,91.6711,4375.14,167,0.875855,0.441789,0
1,116.478,91.7709,4379.84,168,0.859238,0.413732,0
1,116.578,91.8714,4384.65,171,0.861193,0.310386,0
1,116.895,92.1881,4400.61,180,1,0.303762,0
1,116.995,92.2882,4405.87,183,1,0.303762,0
1,117.095,92.3882,4411.18,186,0.995112,0.291416,0
1,117.312,92.6052,4422.9,192,1,0.232147,0
1,117.412,92.7052,4428.4,192,1,0.241442,0
1,117.512,92.8053,4433.9,192,1,0.0284363,0
1,117.729,93.0222,4445.76,198,1,0.137124,0
1,117.829,93.1222,4451.3,200,1,0.592925,0
1,118.03,93.3225,4462.54,205,1,0.102895,0
1,118.13,93.4227,4468.23,208,1,0,0
1,118.33,93.6228,4479.79,212,1,1,0
1,118.43,93.7229,4485.68,215,1,0.571943,0
1,118.547,93.8397,4492.64,217,1,0,0
1,118.647,93.9397,4498.7,219,1,0,0
1,118.864,94.1568,4511.98,224,1,0,0
1,119.064,94.357,4524.51,228,1,0,0
